Category,Title,Intro,Image,Credits (sources),Tags,Article URL
"Guide, Jardinage",Pulv√©risateurs √©lectriques  : l‚Äôarme fatale pour √©liminer les nuisibles de votre jardin,"L‚Äôautomne est la saison id√©ale pour pr√©parer son jardin avant l‚Äôhiver. Il sera peut √™tre le temps d‚Äôeffectuer bient√¥t les derniers traitements sur les plantes et arbres afin qu‚Äôils r√©sistent au froid. Pour r√©pandre efficacement les produits n√©cessaires, le pulv√©risateur reste un outil indispensable. printemps  entre mars et mai automne  septembre-octobre √©t√© L‚Äôhiver est une p√©riode de repos v√©g√©tatif Pour un petit jardin Pour un jardin moyen Pour un grand jardin",https://www.enerzine.com/wp-content/uploads/2023/09/arti_65825.jpg,,,https://www.enerzine.com/pulverisateurs-electriques-larme-fatale-pour-eliminer-les-nuisibles-de-votre-jardin/65825-2023-09
"Techno, Mat√©riaux",L‚Äôautomatisation r√©duit le temps de recherche sur l‚Äô√©nergie solaire de 83%,"L‚Äô√©nergie solaire est l‚Äôune des voies les plus prometteuses pour alimenter le monde de demain. Cependant, la cr√©ation de cellules solaires plus efficaces n√©cessite la d√©couverte de nouveaux mat√©riaux plus performants.   576 √©chantillons",https://www.enerzine.com/wp-content/uploads/2023/11/arti_72985.jpg,"Source : JACS Au, Universit√© d‚ÄôOsaka","automatisation, energie solaire, ia, materiaux solaires, recherche",https://www.enerzine.com/lautomatisation-reduit-le-temps-de-recherche-sur-lenergie-solaire-de-83/72985-2023-11
"Techno, Mat√©riaux",L‚Äôimpression 3D en microgravit√© : la cl√© pour vivre sur Mars ?,"Une √©quipe de chercheurs et d‚Äô√©tudiants de l‚ÄôUniversit√© de Virginie-Occidentale se penche sur le fonctionnement de l‚Äôimpression 3D dans un environnement en apesanteur. Leur objectif ? Faciliter l‚Äôexploration et l‚Äôhabitation √† long terme dans l‚Äôespace, que ce soit sur des vaisseaux spatiaux, la lune ou Mars. ACS Applied Materials and Interfaces",https://www.enerzine.com/wp-content/uploads/2023/10/arti_72990.jpg,,"exploration, impression 3D, microgravite, mousse, spatial, titane",https://www.enerzine.com/limpression-3d-en-microgravite-la-cle-pour-vivre-sur-mars/72990-2023-10
"Techno, Recherche",Micro-gouttelettes : la cl√© invisible de notre avenir √©nerg√©tique propre,"Les micro-gouttelettes pourraient √™tre la cl√© d‚Äôun avenir √©nerg√©tique propre, selon le nouveau projet DROPLETS de l‚ÄôInstitut Beckman pour la science et la technologie avanc√©es. En emballant les r√©actions √©lectrochimiques dans des formats plus petits que la normale, les chercheurs interdisciplinaires visent √† produire de l‚Äôhydrog√®ne propre, √† s√©questrer le dioxyde de carbone et √† stocker les √©nergies renouvelables comme le vent et le solaire de mani√®re √©conomique et durable. 4,5 millions de dollars   invisible √† l‚Äô≈ìil nu DROPLETS ",https://www.enerzine.com/wp-content/uploads/2023/10/arti_72989.jpg,"Source : Institut Beckman pour la science et la technologie avanc√©es, D√©partement am√©ricain de l‚Äô√©nergie","capture, carbone, Droplet, Energy Earthshots, hydrogene, micro-gouttelette",https://www.enerzine.com/micro-gouttelettes-la-cle-invisible-de-notre-avenir-energetique-propre/72989-2023-10
"Guide, Maison",Les moustiques nous aiment-ils tous de la m√™me mani√®re ?,"Les moustiques sont plus qu‚Äôun simple d√©sagr√©ment estival. Pour certains d‚Äôentre nous, ils semblent √™tre une v√©ritable nuisance, nous ciblant plus que d‚Äôautres. Mais pourquoi certains individus sont-ils plus attir√©s par ces insectes que d‚Äôautres ? Des √©tudes r√©centes apportent des r√©ponses fascinantes √† cette question. Les moustiques",https://www.enerzine.com/wp-content/uploads/2023/07/arti_61840.jpg,,,https://www.enerzine.com/les-moustiques-nous-aiment-ils-tous-de-la-meme-maniere/61840-2023-07
"Enviro, Carbone",Le formiate : le carburant du futur issu du CO2 ?,"Dans le monde entier, des recherches sont en cours pour trouver des moyens d‚Äôextraire le dioxyde de carbone de l‚Äôair ou des √©missions des centrales √©lectriques et de le transformer en quelque chose d‚Äôutile. Une des id√©es les plus prometteuses est de le transformer en un carburant stable qui peut remplacer les combustibles fossiles dans certaines applications. ",https://www.enerzine.com/wp-content/uploads/2023/10/arti_73095.jpg,,"CO2, conversion, energie, formiate, mit",https://www.enerzine.com/le-formiate-le-carburant-du-futur-issu-du-co2/73095-2023-10
"Techno, Mat√©riaux",Les polym√®res : des mol√©cules aux miracles de la fabrication,"Les polym√®res sont des mol√©cules de grande taille, form√©es par la liaison d‚Äôune s√©rie de blocs de construction identiques. Ils sont attrayants pour la fabrication car ils sont peu co√ªteux, faciles √† traiter et √† modifier. Pour √©largir les applications des polym√®res et am√©liorer leur durabilit√©, les scientifiques ont besoin d‚Äôune meilleure compr√©hension de leurs dynamiques structurelles. fabrication additive ou ",https://www.enerzine.com/wp-content/uploads/2023/10/arti_73148.jpg,,"dynamique structurelle, fabrication, modelisation, molecule, polymere",https://www.enerzine.com/les-polymeres-des-molecules-aux-miracles-de-la-fabrication/73148-2023-10
"Techno, Industrie √©nergie",Une alternative durable √† la climatisation m√©canique d√©couverte par des chercheurs,"Alors que la plan√®te se r√©chauffe, la n√©cessit√© de cr√©er des environnements de vie frais devient de plus en plus urgente. La climatisation reste une grande contributrice au r√©chauffement climatique, car les unit√©s utilisent des gaz √† effet de serre puissants et beaucoup d‚Äô√©nergie. ",https://www.enerzine.com/wp-content/uploads/2023/10/arti_72988.jpg,,"architecture, climat, recherche, refroidissement, ventilation",https://www.enerzine.com/une-alternative-durable-a-la-climatisation-mecanique-decouverte-par-des-chercheurs/72988-2023-10
"Renouvelable, Hydrog√®ne",Une enzyme modifi√©e g√©n√©tiquement pour une production d‚Äôhydrog√®ne 100% verte,L‚Äôhydrog√®ne est consid√©r√© comme un √©l√©ment cl√© de la transition √©nerg√©tique. Sa production par certaines enzymes pr√©sentes dans les algues et les bact√©ries reste en revanche entrav√©e par leur sensibilit√© √† l‚Äôoxyg√®ne.  [FeFe] hydrog√©nase,https://www.enerzine.com/wp-content/uploads/2023/10/arti_72987.jpg,,"genetique, H-cluster, hydrogenase, hydrogene, oxygene",https://www.enerzine.com/une-enzyme-modifiee-genetiquement-pour-une-production-dhydrogene-100-verte/72987-2023-10
"Enviro, Circulaire",Des bact√©ries qui mangent du plastique pour produire du parfum,"Chaque jour, des montagnes de bouteilles en plastique usag√©es sont jet√©es, mais des micro-organismes pourraient potentiellement r√©soudre ce probl√®me. Des chercheurs rapportent maintenant qu‚Äôils ont d√©velopp√© une souche d‚ÄôE. coli capable de transformer efficacement les d√©chets de poly√©thyl√®ne t√©r√©phtalate (PET) en acide adipique, un composant utilis√© pour fabriquer des mat√©riaux en nylon, des m√©dicaments et des parfums. E. coli E. coli E. coli E. coli E. coli",https://www.enerzine.com/wp-content/uploads/2023/10/arti_72947.jpg,,"acide adipique, acide terephtalique, biosynthese, E. coli",https://www.enerzine.com/des-bacteries-qui-mangent-du-plastique-pour-produire-du-parfum/72947-2023-10
"Guide, Loisir",Robots de piscine : la technologie qui lib√®re votre temps libre,"Les joies de la piscine jouent les prolongations cet √©t√© d√®s lors que les  temp√©ratures sont de la partie. Mais qui dit piscine, dit aussi corv√©e d‚Äôentretien. Heureusement, il existe une solution pour vous d√©charger des corv√©es de nettoyage : les robots de piscine.  Zodiac Dolphin AIPER¬†et WYBOT √âlectrique Vortex OV 3485 √âlectrique TornaX OT 2100 Hydraulique MX8 Dolphin E30 Dolphin T15  Dolphin E35 AIPER Seagull SE¬† AIPER Seagull Plus AIPER Seagull PRO WYBOT Osprey 200max WYBOT Osprey 300 II  WYBOT Osprey 700",https://www.enerzine.com/wp-content/uploads/2023/09/arti_65421.jpg,,,https://www.enerzine.com/robots-de-piscine-la-technologie-qui-libere-votre-temps-libre/65421-2023-09
"Techno, Industrie √©nergie","Le film polym√®re, une solution de refroidissement sans consommation d‚Äô√©nergie","La gestion thermique, qu‚Äôelle soit domestique ou industrielle, repr√©sente une part significative de la consommation √©nerg√©tique mondiale. Maintenir efficacement la temp√©rature souhait√©e avec un minimum d‚Äôapport √©nerg√©tique est crucial, tant d‚Äôun point de vue √©conomique qu‚Äôenvironnemental.   film polym√®re en rouleau pour  concept de m√©tasurface  PMRC",https://www.enerzine.com/wp-content/uploads/2023/10/arti_72984.jpg,,"consommation energetique, film polymere, gestion thermique, metasurface, refroidissement radiatif",https://www.enerzine.com/le-film-polymere-une-solution-de-refroidissement-sans-consommation-denergie/72984-2023-10
"Techno, Recherche",Contr√¥ler le magn√©tisme sans fil : une premi√®re mondiale,"Les appareils √©lectroniques d√©pendent de la manipulation des propri√©t√©s √©lectriques et magn√©tiques de leurs composants, que ce soit pour le calcul ou le stockage d‚Äôinformations, entre autres processus. Le contr√¥le du magn√©tisme √† l‚Äôaide de la tension plut√¥t que des courants √©lectriques est devenu une m√©thode de contr√¥le tr√®s importante pour am√©liorer l‚Äôefficacit√© √©nerg√©tique de nombreux appareils, car les courants chauffent les circuits.  CoN memristors Wireless magneto-ionics: voltage control of magnetism by bipolar electrochemistry",https://www.enerzine.com/wp-content/uploads/2023/10/arti_73094.jpg,"Source : D√©partement de physique de l‚ÄôUAB, ICMAB, Institut de micro√©lectronique de Barcelone CNM-CSIC, Synchrotron ALBA","cobalt, controle, efficacite energetique, magnetisme, nitrure, sans fil, tension",https://www.enerzine.com/controler-le-magnetisme-sans-fil-une-premiere-mondiale/73094-2023-10
"Guide, Domotique",üõ°Ô∏è Prot√©gez votre vie priv√©e et naviguez en toute libert√© avec un VPN,"La protection de la vie priv√©e et la s√©curit√© en ligne sont des pr√©occupations majeures de nos jours. Avec la prolif√©ration des menaces telles que le piratage, le vol de donn√©es et la surveillance en ligne, il est vivement conseill√© d‚Äôadopter des mesures pour se prot√©ger. C‚Äôest pourquoi des applications comme les VPN connaissent un essor fulgurant ces derni√®res ann√©es.   Il est donc important de choisir un bon fournisseur de VPN pour minimiser ces inconv√©nients. La politique de confidentialit√© du fournisseur La vitesse et la stabilit√© du r√©seau        ",https://www.enerzine.com/wp-content/uploads/2023/05/arti_55822.jpg,,,https://www.enerzine.com/protegez-votre-vie-privee-et-naviguez-en-toute-liberte-avec-un-vpn/55822-2023-05
Guide,√âconomisez 22% sur le chauffage gr√¢ce √† un amplificateur,"Comment optimiser la chaleur d‚Äôun radiateur tout en ayant un meilleur rendement √† basse temp√©rature ? Dans le contexte √©nerg√©tique actuel et la tension li√©e √† la hausse des co√ªts de l‚Äô√©nergie, certaines solutions permettent d‚Äôaugmenter le confort thermique d‚Äôun espace de travail ou de vie tout en faisant des √©conomies d‚Äô√©nergie et r√©duisant ses √©missions de CO2, et cela sans entreprendre de travaux.  il assure aux radiateurs une fonction optimale √† basse temp√©rature.  le fait de pouvoir baisser ces temp√©ratures d‚Äôeau permet des √©conomies d‚Äô√©nergie.",https://www.enerzine.com/wp-content/uploads/2023/06/arti_57446a.jpg,,,https://www.enerzine.com/economisez-22-sur-le-chauffage-grace-a-un-amplificateur/57446-2023-06
"Techno, Mat√©riaux",La recherche sur les mat√©riaux entre dans l‚Äô√®re de l‚Äôapprentissage actif,"Dans le domaine de la recherche de nouveaux mat√©riaux pour les technologies futures, un nouvel algorithme bas√© sur l‚Äôapprentissage automatique promet d‚Äôacc√©l√©rer consid√©rablement le processus.  les mat√©riaux compos√©s de cinq √©l√©ments ou plus sont particuli√®rement int√©ressants Felix Thelen Active Learning Felix Thelen",https://www.enerzine.com/wp-content/uploads/2023/10/arti_72902.jpg,,"algorithme, Apprentissage actif, energetique, Felix Thelen, recherche, transition",https://www.enerzine.com/la-recherche-sur-les-materiaux-entre-dans-lere-de-lapprentissage-actif/72902-2023-10
"Techno, Optique",400 000 pixels : la nouvelle fronti√®re de la cam√©ra supraconductrice,"Les chercheurs de l‚ÄôInstitut National des Normes et de la Technologie ( ) et leurs coll√®gues ont mis au point une cam√©ra supraconductrice contenant 400 000 pixels, soit 400 fois plus que tout autre appareil de ce type. Cette innovation pourrait ouvrir de nombreuses nouvelles applications dans le domaine de la science et de la recherche biom√©dicale. pixel . Oct. 26,¬†",https://www.enerzine.com/wp-content/uploads/2023/10/arti_72960.jpg,,"biomedicale, camera, detecteur, imagerie, nist, photon, scientifique, supraconductrice",https://www.enerzine.com/400-000-pixels-la-nouvelle-frontiere-de-la-camera-supraconductrice/72960-2023-10
"Energie, Non Renouvelable, Nucl√©aire",9 000 armes nucl√©aires non comptabilis√©es : une nouvelle technologie pour les surveiller,"Surveiller la conformit√© des √âtats aux trait√©s de d√©sarmement n‚Äôest pas une t√¢che facile. Une √©quipe internationale a explor√© la surveillance √† distance √† l‚Äôaide de deux antennes et de quelques miroirs. Une nouvelle m√©thode pour surveiller les trait√©s de d√©sarmement nucl√©aire a √©t√© propos√©e par une √©quipe de recherche internationale. le retrait d‚Äôune t√™te   stock√©e, peuvent ainsi √™tre d√©tect√©s de mani√®re fiable Nature Communications",https://www.enerzine.com/wp-content/uploads/2023/10/arti_72983.jpg,"Source : Nature Communications, 17 octobre 2023","desarmement, miroir, ondes radio, securite nucleaire, surveillance",https://www.enerzine.com/9-000-armes-nucleaires-non-comptabilisees-une-nouvelle-technologie-pour-les-surveiller/72983-2023-10
"Guide, Nomade",Boire de l‚Äôeau propre n‚Äôimporte o√π : le secret des voyageurs,"Si vous aimez les loisirs de plein air, la randonn√©e, le camping, ou les voyages √† l‚Äô√©tranger, l‚Äôeau potable s√ªre et propre reste une n√©cessit√©. L‚Äôaccessoire Sawyer Micro Squeeze a √©t√© con√ßu pour combler ce besoin crucial, avec un filtre d‚Äôeau ultra-compact et l√©ger, qui a le pouvoir de fournir une excellente filtration en toutes circonstances.",https://www.enerzine.com/wp-content/uploads/2023/06/arti_59322.jpg,,,https://www.enerzine.com/boire-de-leau-propre-nimporte-ou-le-secret-des-voyageurs/59322-2023-06
"Guide, Chauffage","FOGO Junior, le chauffage d‚Äôappoint qui apprend de vos habitudes",FOGO Junior b√©ton fibr√© √† ultra-haute performance  graph√®ne Q : Qu‚Äôest-ce que le FOGO Junior? Q : Quels sont les avantages du FOGO Junior par rapport aux chauffages d‚Äôappoint traditionnels ? Q : Qu‚Äôest-ce qui rend FOGO Junior ‚Äúintelligent‚Äù ? Q : O√π sont fabriqu√©s les produits FOGO ?,https://www.enerzine.com/wp-content/uploads/2023/07/arti_60478.jpg,,"chauffage, FOGO, graphene, ia",https://www.enerzine.com/fogo-junior-le-chauffage-dappoint-qui-apprend-de-vos-habitudes/60478-2023-07
"Guide, Maison","Comment profiter des offres Prime Day, sans payer Amazon Prime ?","Prime Day est un √©v√©nement exclusif organis√© par Amazon pour ses membres Prime. Inaugur√© le 15 juillet 2015, l‚Äô√©v√©nement a √©t√© con√ßu pour c√©l√©brer le 20e anniversaire de la soci√©t√©. Depuis lors, il est devenu un incontournable pour les adeptes du shopping en ligne. ventes flash promotions Bricolage Jardinage Cuisine et maison Amazon Prime n‚Äôest pas seulement un ticket d‚Äôentr√©e pour le Prime Day. Les membres Prime b√©n√©ficient √©galement de nombreux autres avantages tout au long de l‚Äôann√©e. Inscrivez-vous d√®s maintenant profiter de toutes les offres exceptionnelles du Prime Day",https://www.enerzine.com/wp-content/uploads/2023/07/arti_60951.jpg,,prime day,https://www.enerzine.com/comment-profiter-des-offres-prime-day-gratuitement-sans-payer-amazon-prime/60951-2023-07
"Energie, Non Renouvelable, Nucl√©aire",Carbure de silicium : le mat√©riau cl√© pour les r√©acteurs nucl√©aires de demain,"NAAREA, une entreprise fran√ßaise innovante, franchit une √©tape cl√© dans le d√©veloppement de son micro-r√©acteur nucl√©aire √† sels fondus et neutrons rapides. En collaboration avec Mersen et le laboratoire  , l‚Äôentreprise con√ßoit la premi√®re boucle √† sels fondus en carbure de silicium pour √©tudier la robustesse du mat√©riau et les ph√©nom√®nes d‚Äôinteraction sel-gaz. Mersen r√©acteurs de 4e g√©n√©ration ICAR-CM2T NAAREA ",https://www.enerzine.com/wp-content/uploads/2023/10/arti_69488.jpg,,"carbure silicium, ICAR-CM2T, mersen, micro-reacteur, NAAREA",https://www.enerzine.com/carbure-de-silicium-le-materiau-cle-pour-les-reacteurs-nucleaires-de-demain/69488-2023-10
Techno,"D√©couvrez Figure 01, le robot humano√Øde qui pourrait transformer l‚Äôindustrie","Dans un monde o√π la technologie √©volue √† une vitesse fulgurante, l‚Äôimpact de l‚Äôintelligence artificielle (IA) et de la robotique sur l‚Äôavenir de l‚Äôhumanit√© est un sujet de discussion majeur.  , une entreprise d√©di√©e √† la cr√©ation de robots humano√Ødes polyvalents, se positionne comme un acteur cl√© dans cette r√©volution technologique. Son objectif ? Transformer notre fa√ßon de vivre et de travailler, tout en am√©liorant notre qualit√© de vie. Figure 01 construire des robots pour notre environnement humain  (IA) Robotique",https://www.enerzine.com/wp-content/uploads/2023/10/arti_71504.jpg,,"automatisation, Figure 01, ia, industrie, robotique",https://www.enerzine.com/decouvrez-figure-01-le-robot-humanoide-qui-pourrait-transformer-lindustrie/71504-2023-10
"Techno, Intelligence artificielle",Des transistors de 28 nanom√®tres pour une IA deux fois plus puissante,"Hussam Amrouch, professeur √† l‚ÄôUniversit√© Technique de Munich (TUM), a d√©velopp√© une architecture pr√™te pour l‚ÄôIA qui est deux fois plus puissante que les approches comparables de calcul en m√©moire. Cette avanc√©e pourrait s‚Äôav√©rer utile pour  , les algorithmes d‚Äôapprentissage profond et les applications robotiques dans quelques ann√©es.",https://www.enerzine.com/wp-content/uploads/2023/10/arti_72326.jpg,,"architecture, ia, performance, puce, transistor",https://www.enerzine.com/des-transistors-de-28-nanometres-pour-une-ia-deux-fois-plus-puissante/72326-2023-10
Techno,La cl√© de la stabilit√© des cellules solaires pourrait r√©sider dans ce mat√©riau,"L‚Äôefficacit√© des cellules solaires a connu une augmentation significative ces derni√®res ann√©es gr√¢ce √† des mat√©riaux capteurs de lumi√®re tels que les p√©rovskites halog√©n√©es. La capacit√© √† les produire de mani√®re fiable et √† grande √©chelle reste encore un d√©fi. Un processus d√©velopp√© par Aditya Mohite, ing√©nieur chimique et biomol√©culaire √† l‚ÄôUniversit√© Rice, et ses collaborateurs pourrait changer la donne. confinement spatial contr√¥l√© cin√©tiquement Nature Synthesis p√©rovskites d‚Äôhalog√©nure 2D",https://www.enerzine.com/wp-content/uploads/2023/10/arti_72327.jpg,"Source : Aditya Mohite et ses collaborateurs de l‚ÄôUniversit√© Northwestern, de l‚ÄôUniversit√© de Pennsylvanie et de l‚ÄôUniversit√© de Rennes. √âtude publi√©e dans Nature Synthesis.","conductivite, confinement, electrique, opto√©lectronique, perovskites 2D, photovoltaique, spatial",https://www.enerzine.com/la-cle-de-la-stabilite-des-cellules-solaires-pourrait-resider-dans-ce-materiau/72327-2023-10
"Techno, Mat√©riaux",Des cristaux ultrafins vibrent sous l‚Äôeffet de la lumi√®re infrarouge,"L‚Äôunion de l‚Äô√©lectronique et de la lumi√®re infrarouge ouvre la voie √† des dispositifs de petite taille, rapides et sensibles pour la d√©tection, l‚Äôimagerie et la signalisation au niveau mol√©culaire. La r√©alisation de tels dispositifs n√©cessite des mat√©riaux de haute qualit√©.  d√©p√¥t de vapeur √† la flamme (FVD) nanorubans ",https://www.enerzine.com/wp-content/uploads/2023/10/arti_72366.jpg,,"FVD, infrarouge, molybdene, Nano-Spectroscopie, nanocristaux, oxyde, synchrotron",https://www.enerzine.com/des-cristaux-ultrafins-vibrent-sous-leffet-de-la-lumiere-infrarouge/72366-2023-10
"Techno, Mat√©riaux",La fatigue des m√©taux : un d√©fi de deux si√®cles enfin surmont√© ?,"Il est estim√© que plus de 80% des d√©faillances en ing√©nierie sont dues √† la fatigue des mat√©riaux. La lutte contre la fatigue des m√©taux est donc un enjeu majeur pour les structures l√©g√®res de tous les syst√®mes m√©caniques comme les avions, les automobiles et les syst√®mes de production d‚Äô√©nergie.  fusion sur lit de poudre par laser",https://www.enerzine.com/wp-content/uploads/2023/10/arti_72126.jpg,,"alliage, aluminium, fatigue, impression 3D, metaux, resistance",https://www.enerzine.com/la-fatigue-des-metaux-un-defi-de-deux-siecles-enfin-surmonte/72126-2023-10
"Techno, Batterie",EAM investit 650 M$ dans une usine d‚Äôanodes en Caroline du Nord,"Epsilon Advanced Materials (EAM), le leader indien des mat√©riaux pour batteries, a fait une annonce majeure qui pourrait avoir un impact significatif sur l‚Äôindustrie des v√©hicules √©lectriques aux √âtats-Unis.  650 millions de dollars Vikram Handa Sunit Kapur",https://www.enerzine.com/wp-content/uploads/2023/10/arti_72576.jpg,,"anode, batterie, caroline du nord, EAM, graphite, vehicule electrique",https://www.enerzine.com/eam-investit-650-m-dans-une-usine-danodes-en-caroline-du-nord/72576-2023-10
"Renouvelable, Solaire",Des carburants solaires produits √† partir de 1000 soleils,"Gr√¢ce √† une nouvelle technique d‚Äôimpression 3D, des chercheurs de l‚ÄôETH Zurich ont mis au point des structures c√©ramiques sp√©ciales pour un r√©acteur solaire. Les premiers tests exp√©rimentaux montrent que ces structures peuvent augmenter le rendement de production des carburants solaires. processus thermochimiques   syngas ",https://www.enerzine.com/wp-content/uploads/2023/10/arti_72583.jpg,,"ceramique, impression 3D, reacteur, solaire, syngaz",https://www.enerzine.com/des-carburants-solaires-produits-a-partir-de-1000-soleils/72583-2023-10
"Enviro, Sant√©",La fluorescence au service de la d√©tection des polluants (PFAS),"Les PFAS, une famille de substances hautement fluor√©es, repr√©sentent un danger pour les humains et l‚Äôenvironnement. Des membres particuli√®rement probl√©matiques de cette famille, tels que le sulfonate de perfluorooctane (PFOS) et l‚Äôacide perfluorooctano√Øque (PFOA), semblent causer des dommages aux organes et le cancer, ainsi que perturber le syst√®me endocrinien. mesures de fluorescence",https://www.enerzine.com/wp-content/uploads/2023/10/arti_72584.jpg,Source : Journal Angewandte Chemie,"contamination, detection, eau potable, fluorescence, PFAS",https://www.enerzine.com/la-fluorescence-au-service-de-la-detection-des-polluants-pfas/72584-2023-10
"Techno, Batterie",Les √©lectrodes √† nanotubes creux am√©liorent les performances des batteries potassium-ion,"Dans la qu√™te incessante de solutions de stockage d‚Äô√©nergie plus efficaces et plus durables, les chercheurs se tournent vers une nouvelle technologie prometteuse : les batteries √† ions potassium. Ces batteries fonctionnent de mani√®re similaire aux batteries lithium-ion largement utilis√©es aujourd‚Äôhui, mais avec un avantage cl√© : le potassium est une ressource abondante.  NiCo2Se4",https://www.enerzine.com/wp-content/uploads/2023/10/arti_72585.jpg,,"batterie, ions, nanotube, NiCo2Se4, potassium, selenisation",https://www.enerzine.com/les-electrodes-a-nanotubes-creux-ameliorent-les-performances-des-batteries-potassium-ion/72585-2023-10
"Techno, Industrie √©nergie",Une turbine de la taille d‚Äôun bureau pour alimenter jusqu‚Äô√† 10 000 foyers,"L‚Äôinauguration de l‚Äôinstallation pilote de la Supercritical Transformational Electric Power (STEP) Demo a √©t√© r√©cemment r√©alis√©e. Cette installation d‚Äôessai de dioxyde de carbone supercritique (sCO2) de 10 m√©gawatts, d‚Äôune valeur de 155 millions de dollars, situ√©e au si√®ge du   √† San Antonio, va d√©montrer une nouvelle m√©thode innovante de production d‚Äô√©lectricit√© √† plus haut rendement et √† moindre co√ªt. STEP ",https://www.enerzine.com/wp-content/uploads/2023/10/arti_72628.jpg,,"efficacite, energie, innovation, production, sCO2, STEP Demo",https://www.enerzine.com/une-turbine-de-la-taille-dun-bureau-pour-alimenter-jusqua-10-000-foyers/72628-2023-10
"Techno, Batterie",La technologie qui pourrait mettre fin aux incendies de batteries,Des chercheurs am√©ricains ont mis au point une technologie innovante qui pourrait permettre aux v√©hicules √©lectriques de nouvelle g√©n√©ration et √† d‚Äôautres appareils d‚Äô√™tre moins sujets aux incendies de batteries tout en augmentant le stockage d‚Äô√©nergie. 750 000 v√©hicules √©lectriques Solid Power,https://www.enerzine.com/wp-content/uploads/2023/10/arti_72629.jpg,,"batteries, Dendrites, lithium, technologie, V√©hicules √©lectriques",https://www.enerzine.com/la-technologie-qui-pourrait-mettre-fin-aux-incendies-de-batteries/72629-2023-10
"Techno, Quantique",COSMOS : 5 ans pour d√©velopper le logiciel universel de simulation quantique,"Pour la premi√®re fois, des scientifiques d√©velopperont un cadre logiciel universel pour les simulations, √©liminant de nombreux obstacles √† une compr√©hension plus profonde du monde quantique.  ESPRC",https://www.enerzine.com/wp-content/uploads/2023/10/arti_72631.jpg,,"COSMOS, logiciel, quantique, recherche, simulations, universel",https://www.enerzine.com/cosmos-5-ans-pour-developper-le-logiciel-universel-de-simulation-quantique/72631-2023-10
"Techno, Quantique",L‚Äô√®re des r√©seaux neuronaux quantiques hybrides a commenc√©,La construction de r√©seaux neuronaux quantiques efficaces est une direction prometteuse pour la recherche √† l‚Äôintersection de l‚Äôinformatique quantique et de l‚Äôapprentissage automatique.  perceptron multicouche mod√®les et des relations complexes hyperparam√®tres perceptron multicouche perceptrons ,https://www.enerzine.com/wp-content/uploads/2023/10/arti_72632.jpg,,"apprentissage, automatique, hybride, multicouche, neuronaux, perceptron, quantique, reseaux",https://www.enerzine.com/lere-des-reseaux-neuronaux-quantiques-hybrides-a-commence/72632-2023-10
"Techno, Mat√©riaux",Les nanohybrides √† base de POM : une r√©volution pour les 100 prochaines ann√©es ?,"Dans le domaine de la science des mat√©riaux, une nouvelle classe de mat√©riaux hybrides √† l‚Äô√©chelle nanom√©trique pourrait r√©volutionner la durabilit√© dans divers secteurs industriels. La recherche sur ces substances, appel√©es nanohybrides √† base de polyoxom√©talates (POM), n‚Äôen est qu‚Äô√† ses d√©buts. Un groupe de chercheurs a r√©cemment publi√© une √©tude exhaustive des progr√®s r√©alis√©s dans ce secteur et des d√©fis √† relever. POM  propri√©t√©s catalytiques uniques ",https://www.enerzine.com/wp-content/uploads/2023/10/arti_72586.jpg,,"durabilite, energie propre, materiaux, Nanohybrides, POM",https://www.enerzine.com/les-nanohybrides-a-base-de-pom-une-revolution-pour-les-100-prochaines-annees/72586-2023-10
"Techno, Quantique",L‚Äôinformatique quantique et conventionnelle : une alliance inattendue,L‚Äô√®re de l‚Äôinformatique quantique ouvre des perspectives autrefois inimaginables pour r√©soudre des probl√®mes consid√©r√©s comme hors de port√©e des ordinateurs conventionnels. Les capacit√©s de calcul des ordinateurs quantiques actuels sont encore relativement limit√©es.  QUBO  QUBO  Science Advances,https://www.enerzine.com/wp-content/uploads/2023/10/arti_72630.jpg,,"calcul, informatique, moleculaire, polymere, quantique, QUBO",https://www.enerzine.com/linformatique-quantique-et-conventionnelle-une-alliance-inattendue/72630-2023-10
"Techno, Mat√©riaux",Le graphite transform√© en ‚Äòor‚Äô par des physiciens du MIT,"Dans une d√©couverte √©tonnante, des physiciens du MIT ont r√©ussi √† transformer le graphite, commun√©ment connu sous le nom de mine de crayon, en un mat√©riau aux propri√©t√©s in√©dites. En isolant cinq fines couches de graphite empil√©es dans un ordre sp√©cifique, ils ont cr√©√© un mat√©riau qui peut √™tre ajust√© pour pr√©senter trois propri√©t√©s importantes jamais observ√©es auparavant dans le graphite naturel. rhombo√®dre pentacouche rhombo√®dre pentacouche",https://www.enerzine.com/wp-content/uploads/2023/10/arti_72684.jpg,,"graphene, graphite, rhomboedre, topologique, twistronique",https://www.enerzine.com/le-graphite-transforme-en-or-par-des-physiciens-du-mit/72684-2023-10
"Techno, Mat√©riaux",L‚Äôautomatisation et l‚ÄôIA acc√©l√®rent la recherche de mat√©riaux solaires,"La qu√™te du mat√©riau id√©al pour la fabrication de cellules solaires est une t√¢che colossale. Une √©quipe de recherche nipponne utilise des syst√®mes robotiques et l‚Äôintelligence artificielle pour rendre cette recherche plus rapide et plus efficace. L‚Äô√©nergie solaire est l‚Äôune des voies les plus prometteuses pour alimenter le monde de demain. Pourtant, la cr√©ation de cellules solaires plus efficaces n√©cessite la d√©couverte de mat√©riaux nouveaux et am√©lior√©s.",https://www.enerzine.com/wp-content/uploads/2023/10/arti_72685.jpg,,"energie solaire, ia, materiaux solaires, recherche, robots",https://www.enerzine.com/lautomatisation-et-lia-accelerent-la-recherche-de-materiaux-solaires/72685-2023-10
"Renouvelable, Biomasse",Des enzymes qui d√©fient la nature pour une meilleure production de biocarburants,"Dans une √®re o√π la recherche de sources d‚Äô√©nergie renouvelables est devenue une priorit√©, des biologistes v√©g√©taux du Laboratoire National de Brookhaven (USA) ont mis au point des enzymes pour modifier les plantes herbac√©es afin que leur biomasse puisse √™tre convertie plus efficacement en biocarburants et autres bioproduits. monolignol 4-O-m√©thyltransf√©rases ",https://www.enerzine.com/wp-content/uploads/2023/10/arti_72686.jpg,,"biocarburant, biomasse, enzyme, lignine, monolignol",https://www.enerzine.com/des-enzymes-qui-defient-la-nature-pour-une-meilleure-production-de-biocarburants/72686-2023-10
"Energie, Non Renouvelable, Nucl√©aire","Micro-r√©acteur eVinci : 5 MW d‚Äô√©lectricit√©, 24/7 pendant plus de huit ans",Westinghouse a annonc√© l‚Äôouverture d‚Äôune nouvelle installation de conception et de fabrication pr√®s du centre-ville de Pittsburgh en Pennsylvanie (USA) pour acc√©l√©rer la commercialisation du micro-r√©acteur eVinci‚Ñ¢. Cette annonce marque ainsi une √©tape cl√© dans le d√©veloppement de technologies nucl√©aires. tuyaux de chaleur  5 m√©gawatts d‚Äô√©lectricit√©,https://www.enerzine.com/wp-content/uploads/2023/10/arti_72687.jpg,,"energie nucleaire, eVinci, micro-reacteur, pennsylvanie, westinghouse",https://www.enerzine.com/micro-reacteur-evinci-5-mw-delectricite-24-7-pendant-plus-de-huit-ans/72687-2023-10
"Mobilit√©, Terrestre",Lexus d√©voile ses nouveaux mod√®les de concept √©lectriques,"Lors de l‚Äôinauguration du   , Lexus a pr√©sent√© des concepts cars sous le th√®me ‚ÄúRepousser les limites de l‚Äôexp√©rience √©lectrique‚Äù, envisageant de nouvelles possibilit√©s pour la mobilit√© gr√¢ce aux voitures √©lectriques.  LF-ZC BEV LF-ZL concept LF-ZC concept LF-ZL ",https://www.enerzine.com/wp-content/uploads/2023/10/arti_72741.jpg,,"2035, √©lectrification, lexus, LF-ZC, LF-ZL",https://www.enerzine.com/lexus-devoile-ses-nouveaux-modeles-de-concept-electriques/72741-2023-10
"Techno, Robotisation",Un bras de robot avec une amplitude de mouvement sans pr√©c√©dent,"Dans le laboratoire CREATE de l‚Äô√âcole polytechnique f√©d√©rale de Lausanne ( ), sous la direction de Josie Hughes, une importante d√©couverte a √©t√© r√©alis√©e dans le domaine de la robotique douce. S‚Äôinspirant du mouvement polyvalent des trompes d‚Äô√©l√©phant et des tentacules de poulpe, l‚Äô√©quipe a introduit le h√©lioco√Øde √©lagu√© ‚Äì une nouvelle structure robotique qui promet une plus grande conformit√© et contr√¥le dans les conceptions robotiques.  h√©lioco√Øde Helix Robotics",https://www.enerzine.com/wp-content/uploads/2023/10/arti_72774.jpg,,"bras, flexible, Helix Robotics, humain-robot, interaction, robot, robotique",https://www.enerzine.com/un-bras-de-robot-avec-une-amplitude-de-mouvement-sans-precedent/72774-2023-10
"Techno, Impression",Vers un remplacement des plastiques dans l‚Äôimpression 3D par des r√©sines durables ?,"Une √©quipe d‚Äôing√©nieurs agricoles et biologiques de l‚ÄôUniversit√© Penn State travaille sur le d√©veloppement d‚Äôun mat√©riau de r√©sine durable, compos√© de composants d√©riv√©s de l‚Äôagriculture, qui pourrait potentiellement remplacer les plastiques utilis√©s dans l‚Äôimpression 3D de grand format. nanocellulose National Institute of Food and Agriculture",https://www.enerzine.com/wp-content/uploads/2023/10/arti_72790.jpg,,"Bioeconomie, impression 3D, lignine, nanocellulose, resine durable",https://www.enerzine.com/vers-un-remplacement-des-plastiques-dans-limpression-3d-par-des-resines-durables/72790-2023-10
"Techno, Robotisation",CurveQuad : le robot qui rampe et marche √† l‚Äô√©chelle du centim√®tre,"Dans le domaine de la robotique, une nouvelle approche simplifi√©e pour la conception et la fabrication de robots marcheurs et rampants √† l‚Äô√©chelle du centim√®tre a √©t√© d√©velopp√©e.  CurveQuad nu√©es de robots CurveQuad  CurveQuad ",https://www.enerzine.com/wp-content/uploads/2023/10/arti_72803.jpg,,"CurveQuad, origami, plis courbes, robot",https://www.enerzine.com/curvequad-le-robot-qui-rampe-et-marche-a-lechelle-du-centimetre/72803-2023-10
"Techno, Mat√©riaux",Un mat√©riau de 15 x 15cm capable de soulever une voiture de 2 tonnes,"Dans le domaine de la robotique, un mat√©riau innovant a vu le jour, con√ßu √† partir de cellulose nanofibres (CNFs) d√©riv√©es du bois. Ce mat√©riau, une sorte d‚Äôhydrogel sp√©cialement d√©velopp√©, a √©t√© mis au point par des chercheurs en Su√®de et en Allemagne. Il a la capacit√© de changer de forme, de se dilater et de se contracter √† la demande lorsqu‚Äôil est contr√¥l√© par des impulsions √©lectroniques de moins de 1 volt. une force suffisante pour briser une petite brique",https://www.enerzine.com/wp-content/uploads/2023/10/arti_72824.jpg,,"carbone, cellulose, electronique, hydrogel, impulsion, nanofibres, nanotube, robotique",https://www.enerzine.com/un-materiau-de-15-x-15cm-capable-de-soulever-une-voiture-de-2-tonnes/72824-2023-10
"Techno, Mat√©riaux",Une nouvelle technique pour faire glisser l‚Äôeau comme jamais auparavant,"Alors que l‚Äôeau interagit constamment avec les surfaces solides, une √©quipe de chercheurs a d√©velopp√© un m√©canisme innovant pour rendre les surfaces glissantes pour les gouttelettes d‚Äôeau.  SAMs",https://www.enerzine.com/wp-content/uploads/2023/10/arti_72843.jpg,,"eau, friction, glissance, gouttelette, monocouche, surface solide",https://www.enerzine.com/une-nouvelle-technique-pour-faire-glisser-leau-comme-jamais-auparavant/72843-2023-10
"Techno, Mat√©riaux",La fibre de carbone recycl√©e : une √©conomie d‚Äô√©nergie de 90 %,"Les voitures ultra-l√©g√®res fabriqu√©es √† partir de fibres de carbone recycl√©es seront peut √™tre bient√¥t une r√©alit√©, gr√¢ce √† une nouvelle m√©thode de recyclage d√©velopp√©e par des chercheurs australiens.",https://www.enerzine.com/wp-content/uploads/2023/10/arti_72835.jpg,,"carbone, dechet, fibre, recyclage, ultra-leger, voitures",https://www.enerzine.com/la-fibre-de-carbone-recyclee-une-economie-denergie-de-90/72835-2023-10
"Techno, Recherche",Une forme unique qui modifie notre perception de la g√©om√©trie,"Dans le monde fascinant de la g√©om√©trie, une d√©couverte r√©cente a suscit√© un int√©r√™t sans pr√©c√©dent. Une forme unique, qui d√©fie les lois traditionnelles de la r√©p√©tition, a √©t√© mise en lumi√®re par une √©quipe internationale de chercheurs. Cette forme, qui a √©t√© reconnue par le magazine TIME comme l‚Äôune des meilleures inventions de 2023, est en train de changer notre fa√ßon de percevoir la g√©om√©trie et l‚Äôespace. un motif qui ne peut jamais √™tre r√©p√©t√© monotile aperiodique",https://www.enerzine.com/wp-content/uploads/2023/10/arti_72852.jpg,,"einstein, forme, geometrie, pavage",https://www.enerzine.com/une-forme-unique-qui-modifie-notre-perception-de-la-geometrie/72852-2023-10
"Enviro, Risques",Incendie : un capteur en papier pour d√©jouer les pi√®ges de la fum√©e,"Une √©quipe de recherche am√©ricaine travaille sur le d√©veloppement d‚Äôun capteur en papier √©conomique capable de fournir rapidement des informations sur l‚Äôexposition d‚Äôune personne √† la fum√©e pendant la saison des incendies de for√™t.  1,9 million de dollars biosenseur en papier nanozyme",https://www.enerzine.com/wp-content/uploads/2023/10/arti_72873.jpg,,"capteur, for√™t, fumee, incendie, nanozyme, papier",https://www.enerzine.com/incendie-un-capteur-en-papier-pour-dejouer-les-pieges-de-la-fumee/72873-2023-10
"Enviro, Durable",Comment parler d‚Äô√©cologie en entreprise ?,"Une entreprise p√©renne qui se d√©veloppe sans cesse sur son march√© prend irr√©m√©diablement en compte toutes les consid√©rations RSE. √âconomies, sociales et √©cologiques s‚Äôalignent ainsi de concert pour la r√©ussite de l‚Äôentreprise. Le volet √©cologique est particuli√®rement transversal et se met en place sur divers aspects de la vie d‚Äôune bo√Æte, de la r√©flexion autour des mati√®res premi√®res jusqu‚Äô√† la sensibilisation de ces collaborateurs qui peut se faire via une conf√©rence d‚Äôentreprise.",https://www.enerzine.com/wp-content/uploads/2023/10/arti_72973.jpg,,,https://www.enerzine.com/comment-parler-decologie-en-entreprise/72973-2023-10
"Mobilit√©, Terrestre","Avec Honda Motocompacto, emporter votre moyen de transport n‚Äôimporte o√π","Inspir√© par le Honda Motocompo des ann√©es 80, le tout nouveau Honda Motocompacto red√©finit le transport personnel tout √©lectrique abordable avec un design pliable ultra-compact innovant et un style √©pur√© et simple.",https://www.enerzine.com/wp-content/uploads/2023/10/arti_72913_1.jpg,,"electrique, environnement, honda, Motocompacto, transport",https://www.enerzine.com/avec-honda-motocompo-emporter-votre-moyen-de-transport-nimporte-ou/72913-2023-10
"Mobilit√©, Terrestre",Ducati d√©voile le moteur monocylindre le plus puissant du monde,"Apr√®s une pause de 30 ans, Ducati revient √† la production d‚Äôun monocylindre routier, inspir√© par la l√©gendaire Supermono 550. Le nouveau mod√®le, baptis√© Superquadro Mono, promet de red√©finir les normes de performance dans sa cat√©gorie. Desmodromic   Panigale 1299 moteur Panigale capable d‚Äôatteindre 10 250 tr/min* Termignoni diam√®tre de 116 mm box  in box Desmodromic Superquadro Mono  MotoGP Ducati",https://www.enerzine.com/wp-content/uploads/2023/10/arti_72880.jpg,Source : Ducati / Cr√©dit vid√©o & Photos : Ducati,"Desmodromic, Ducati, monocylindre, performance, Superquadro Mono",https://www.enerzine.com/ducati-devoile-le-moteur-monocylindre-le-plus-puissant-du-monde/72880-2023-10
"Renouvelable, Hydrog√®ne",Mitsubishi Power : 100 tonnes d‚Äôhydrog√®ne vert par jour,"Mitsubishi marque une √©tape importante dans le d√©veloppement de l‚Äôhydrog√®ne vert avec la livraison de son premier lot d‚Äô√©quipements majeurs pour son usine de production d‚Äôhydrog√®ne int√©gr√©e Hydaptive, qui fait partie du Hub de Stockage d‚Äô√ânergie Propre Avanc√©e (ACES Delta Hub) dans la ville am√©ricaine de Delta bas√©e dans l‚Äô√âtat de l‚ÄôUtah. ACES Delta Hub Mitsubishi Power J-series",https://www.enerzine.com/wp-content/uploads/2023/10/arti_73096.jpg,,"Hydaptive, hydrogene vert, mitsubishi, renouvelable",https://www.enerzine.com/mitsubishi-power-100-tonnes-dhydrogene-vert-par-jour/73096-2023-10
"Techno, Batterie",La batterie √† ions magn√©sium quasi-solide qui se rapproche des performances du Li-ion,"Une √©quipe de recherche √† Hong Kong a r√©alis√© une avanc√©e significative dans le domaine des technologies de batteries. Ils ont d√©velopp√© une batterie √† ions magn√©sium (Mg-ion) quasi-solide de haute performance. Ce design innovant offre une alternative durable, s√ªre et √† haute densit√© d‚Äô√©nergie aux batteries lithium-ion conventionnelles, r√©pondant aux limitations de raret√© des mat√©riaux et aux pr√©occupations de s√©curit√©. Science Advances la batterie √† ions magn√©sium quasi-solide -22¬∞C",https://www.enerzine.com/wp-content/uploads/2023/10/arti_72986.jpg,,"batterie, durabilite, Ions magnesium, QSMB, stockage energie",https://www.enerzine.com/la-batterie-a-ions-magnesium-quasi-solide-qui-se-rapproche-des-performances-du-li-ion/72986-2023-10
