Company Name,Website,Address
Valk Welding,http://www.valkwelding.com,"Alblasserdam, NETHERLANDS"
Metaaltechniek Handelsonderneming,www.metaaltechniek.nl,"Amersfoort, NETHERLANDS"
QDP,qdp.NL,"Duiven, NETHERLANDS"
Van Hoof Groep,www.vanhoofgroep.nl,"Asten, NETHERLANDS"
Paricla Fijnmechanische Techniek,www.paricla.nl,"Stadskanaal, NETHERLANDS"
Duits Sustainable Solutions,duits.nl,"Zutphen, NETHERLANDS"
Roestvaststaalindustrie Westra B.V.,www.westra-rvs.nl,"Elahuizen , NETHERLANDS"
Aan de Stegge Snijtechniek BV,https://www.aandesteggesnijtechniek.nl,"Hengevelde, NETHERLANDS"
Heesters Las-Fit en constuctiewerk,,"Bladel, NETHERLANDS"
Inmade productiebedrijven,www.in-made.nl,"24 Locaties , heel Nederland , NETHERLANDS"
Budi B.V.,www.budi.nl,"Ooltgensplaat, NETHERLANDS"
Vomabo aluminium profiel techniek,https://vomabo.nl/profieltechniek/,"Ospel, NETHERLANDS"
Schreinemacher Kunststoffen b.v.,www.schreinemacher.nl,"Tilburg, NETHERLANDS"
Mezo Steel,mezosteel.com,"Alkmaar, NETHERLANDS"
Arendsen Plaatwerk BV,https://www.arendsen-plaat.nl/,"Ulft, NETHERLANDS"
JBSE-Engineering/metaaltechniek,https://www.jbse-engineering.com/,"Hilvarenbeek, NETHERLANDS"
HR-Creations,www.hr-creations.nl,"Emmeloord, NETHERLANDS"
Emcon,www.emcon.nl,"Panningen, NETHERLANDS"
Giatec,https://www.giatec.nl/,"Duizel, NETHERLANDS"
JVG Innovatie,jvginnovatie.nl,"Achterberg, NETHERLANDS"
Berma B.V.,berma.nl,"Bergeijk, NETHERLANDS"
Coppens Metaal-techniek BV,https://www.coppensmetaal.nl/,"Westerhoven, NETHERLANDS"
RoWinox,https://www.rowinox.nl/,"Meerlo, NETHERLANDS"
Mantrec BV,www.mantrec.com,"Werkendam  , NETHERLANDS"
Lamers Tooling B.V.,www.lamers.nl,"Tegelen, NETHERLANDS"
Andre van Beynum B.V.,www.andrevanbeynum.nl,"Dodewaard, NETHERLANDS"
ABM Verspaning,Andre Burgers Metaalverspaning,"Lunteren, NETHERLANDS"
Fraunhofer-Institute for Structural Durability and System Reliability LBF,https://www.lbf.fraunhofer.de/,"Darmstadt, GERMANY"
De Wit Slijptechniek,www.dewitslijptechniek.nl,"Lienden, NETHERLANDS"
IP4Sure,ip4sure.nl,"Eindhoven, NETHERLANDS"
