keyword,Title,Model,Sku,Discounted_Price,Actual_Price,Discount_Amount,Status,Image,URL,Description
CPU,"AMD - Ryzen 5 5600X 4th Gen 6-core, 12-threads Unlocked Desktop Processor With Wraith Stealth Cooler",100-100000065BOX ,6438943 ,149,299,150,In stock,https://pisces.bbystatic.com/image2/BestBuy_US/images/products/6438/6438943_sd.jpg,https://www.bestbuy.com/site/amd-ryzen-5-5600x-4th-gen-6-core-12-threads-unlocked-desktop-processor-with-wraith-stealth-cooler/6438943.p?skuId=6438943,Game with the Best 6 incredible cores for those who just want to game. Get the high-speed gaming performance of the world’s best desktop processor. AMD StoreMI Technology a fast and easy way to expand and accelerate the storage in a desktop PC with an AMD Ryzen processor.
CPU,AMD - Ryzen 7 5800X3D 3.4 GHz Eight-Core AM4 Processor - Black,100-100000651WOF ,6510767 ,329,449,120,In stock,https://pisces.bbystatic.com/image2/BestBuy_US/images/products/6510/6510767_sd.jpg,https://www.bestbuy.com/site/amd-ryzen-7-5800x3d-3-4-ghz-eight-core-am4-processor-black/6510767.p?skuId=6510767,"Featuring a unique AMD 3D V-Cache vertical design, this eight-core, 16 thread processor includes 96MB of L3 cache while still allowing the CPU to fit socket AM4 motherboards. Combined with the powerful Zen 3 7nm architecture, with a base clock speed of 3.4 GHz and a max boost clock speed of 4.5 GHz, this processor is designed to enhance 1080p video game performance by up to 15% with high graphical settings. Other features include support for PCIe 4.0 technology and 3200 MHz DDR4 RAM with compatible motherboards. This processor has a 105W TDP (Thermal Design Power) and does not include a cooling solution. Please note that it does not have an integrated GPU, so a dedicated graphics card is required."
CPU,Intel - Core i9-11900K 11th Generation - 8 Core - 16 Thread - 3.5 to 5.3 GHz - LGA1200 - Unlocked Desktop Processor,BX8070811900K ,6452222 ,429.99,539.99,110,In stock,https://pisces.bbystatic.com/image2/BestBuy_US/images/products/6452/6452222_sd.jpg,https://www.bestbuy.com/site/intel-core-i9-11900k-11th-generation-8-core-16-thread-3-5-to-5-3-ghz-lga1200-unlocked-desktop-processor/6452222.p?skuId=6452222,"11th Gen Intel® Core™ i9-11900K unlocked desktop processor. Featuring Intel® Turbo Boost Max Technology 3.0 and PCIe Gen 4.0 support, unlocked 11th Gen Intel® Core™ desktop processors are optimized for enthusiast gamers and serious creators and help deliver high performance overclocking for an added boost. Thermal solution NOT included in the box. Compatible with 500 series & select 400 series chipset based motherboards. Refer to motherboard vendor for compatiblity details. 125W."
CPU,Core i9-10850K Desktop Processor - 10 Cores up to 5.2 GHz Unlocked  LGA1200 - Intel 400 Series chipset 125W,BX8070110850K ,6428160 ,299.99,409.99,110,In stock,https://pisces.bbystatic.com/image2/BestBuy_US/images/products/6428/6428160_sd.jpg,https://www.bestbuy.com/site/core-i9-10850k-desktop-processor-10-cores-up-to-5-2-ghz-unlocked-lga1200-intel-400-series-chipset-125w/6428160.p?skuId=6428160,"10th Gen Intel Core i9-10850K unlocked desktop processor. Featuring Intel Turbo Boost Max Technology 3.0, unlocked 10th Gen Intel Core desktop processors are optimized for enthusiast gamers and serious creators and help deliver high performance overclocking for an added boost. Thermal solution NOT included in the box. ONLY compatible with 400 series chipset based motherboard. 125W."
CPU,"AMD - Ryzen 9 5900X 4th Gen 12-core, 24-threads Unlocked Desktop Processor Without Cooler",100-100000061WOF ,6438942 ,319,549,230,In stock,https://pisces.bbystatic.com/image2/BestBuy_US/images/products/6438/6438942_sd.jpg,https://www.bestbuy.com/site/amd-ryzen-9-5900x-4th-gen-12-core-24-threads-unlocked-desktop-processor-without-cooler/6438942.p?skuId=6438942,"12 cores to power through gaming, streaming and more. Get the high-speed gaming performance of the world’s best desktop processor. A fast and easy way to expand and accelerate the storage in a desktop PC with an AMD Ryzen processor."
CPU,AMD - Ryzen 7 7800X3D 8-Core - 16-Thread 4.2 GHz (5.0 GHz Max Boost) Socket AM5 Unlocked Desktop Processor - Black,100-100000910WOF ,6537139 ,449,,,In stock,https://pisces.bbystatic.com/image2/BestBuy_US/images/products/6537/6537139_sd.jpg,https://www.bestbuy.com/site/amd-ryzen-7-7800x3d-8-core-16-thread-4-2-ghz-5-0-ghz-max-boost-socket-am5-unlocked-desktop-processor-black/6537139.p?skuId=6537139,"AMD Ryzen 7 7800X3D The dominant gaming processor with AMD 3D V-Cache technology for even more game performance.  Whatever the setting, whatever the resolution, lead your team to victory with this incredible gaming processor.  Plus, enjoy the benefits of next-gen AMD 3D V-Cache technology for lower latency and even more game performance."
CPU,Intel - Core i9-12900K Desktop Processor 16 (8P+8E) Cores up to 5.2 GHz Unlocked  LGA1700 600 Series Chipset 125W,BX8071512900K ,6483663 ,359.99,619.99,260,In stock,https://pisces.bbystatic.com/image2/BestBuy_US/images/products/6483/6483663_sd.jpg,https://www.bestbuy.com/site/intel-core-i9-12900k-desktop-processor-16-8p-8e-cores-up-to-5-2-ghz-unlocked-lga1700-600-series-chipset-125w/6483663.p?skuId=6483663,"12th Gen Intel® Core™ i9-12900K unlocked desktop processor. Featuring Intel® Turbo Boost Max Technology 3.0 and PCIe Gen 5.0 & 4.0 support, DDR5 and DDR4 support, unlocked 12th Gen Intel® Core™ desktop processors are optimized for enthusiast gamers and serious creators and help deliver high performance overclocking for an added boost. Thermal solution NOT included in the box. Compatible with 600 series chipset based motherboards. 125W."
CPU,AMD - Ryzen 5 7600X 6-core - 12-Thread 4.7GHz (5.3 GHz Max Boost) Socket AM5 Desktop Processor - Silver,100-100000593WOF ,6519479 ,249.99,299.99,50,In stock,https://pisces.bbystatic.com/image2/BestBuy_US/images/products/6519/6519479cv11d.jpg,https://www.bestbuy.com/site/amd-ryzen-5-7600x-6-core-12-thread-4-7ghz-5-3-ghz-max-boost-socket-am5-desktop-processor-silver/6519479.p?skuId=6519479,"Pure gaming performance, get the 6-core gaming processor built for intense gaming action."
CPU,"Intel - Core i9-13900K 13th Gen 24 cores 8 P-cores + 16 E-cores 36M Cache, 3 to 5.8 GHz LGA1700 Unlocked Desktop Processor",BX8071513900K ,6521190 ,579.99,689.99,110,In stock,https://pisces.bbystatic.com/image2/BestBuy_US/images/products/6521/6521190_sd.jpg,https://www.bestbuy.com/site/intel-core-i9-13900k-13th-gen-24-cores-8-p-cores-16-e-cores-36m-cache-3-to-5-8-ghz-lga1700-unlocked-desktop-processor/6521190.p?skuId=6521190,"13th Gen Intel Core i9-13900K desktop processor. Featuring Intel Adaptive Boost Technology, Intel Thermal Velocity Boost, Intel Turbo Boost Max Technology 3.0, and PCIe 5.0 and 4.0 support, DDR5 and DDR4 support, unlocked 13th Gen Intel Core i9 desktop processors are optimized for enthusiast gamers and serious creators and help deliver high performance. Compatible with Intel 700 Series and Intel 600 Series Chipset based motherboards. 125W Processor Base Power."
CPU,"AMD - Ryzen 7 5800X 4th Gen 8-core, 16-threads Unlocked Desktop Processor Without Cooler",100-100000063WOF ,6439000 ,229,449,220,In stock,https://pisces.bbystatic.com/image2/BestBuy_US/images/products/6439/6439000_sd.jpg,https://www.bestbuy.com/site/amd-ryzen-7-5800x-4th-gen-8-core-16-threads-unlocked-desktop-processor-without-cooler/6439000.p?skuId=6439000,8 cores optimized for high-FPS gaming rigs. Get the high-speed gaming performance of the world’s best desktop processor. AMD Ryzen Master Utility the Simple and Powerful Overclocking Utility for AMD Ryzen processors.
CPU,Intel - Core i7-12700K Desktop Processor 12 (8P+4E) Cores up to 5.0 GHz Unlocked  LGA1700 600 Series Chipset 125W,BX8071512700K ,6483672 ,267.99,419.99,152,In stock,https://pisces.bbystatic.com/image2/BestBuy_US/images/products/6483/6483672_sd.jpg,https://www.bestbuy.com/site/intel-core-i7-12700k-desktop-processor-12-8p-4e-cores-up-to-5-0-ghz-unlocked-lga1700-600-series-chipset-125w/6483672.p?skuId=6483672,"12th Gen Intel® Core™ i7-12700K unlocked desktop processor. Featuring Intel® Turbo Boost Max Technology 3.0 and PCIe Gen 4.0 support, unlocked 12th Gen Intel® Core™ desktop processors are optimized for enthusiast gamers and serious creators and help deliver high performance overclocking for an added boost. Thermal solution NOT included in the box. Compatible with 600 series chipset based motherboards 125W."
CPU,"Intel - Core i7-13700K 13th Gen 16 cores 8 P-cores + 8 E-cores 30M Cache, 3.4 to 5.4 GHz LGA1700 Unlocked Desktop Processor",BX8071513700K ,6521194 ,407.99,489.99,82,In stock,https://pisces.bbystatic.com/image2/BestBuy_US/images/products/6521/6521194_sd.jpg,https://www.bestbuy.com/site/intel-core-i7-13700k-13th-gen-16-cores-8-p-cores-8-e-cores-30m-cache-3-4-to-5-4-ghz-lga1700-unlocked-desktop-processor/6521194.p?skuId=6521194,"13th Gen Intel Core i7-13900K desktop processor. Featuring Intel Turbo Boost Max Technology 3.0, and PCIe 5.0 and 4.0 support, DDR5 and DDR4 support, unlocked 13th Gen Intel Core i7 desktop processors are optimized for gamers and productivity and help deliver high performance. Compatible with Intel 700 Series and Intel 600 Series Chipset based motherboards. 125W Processor Base Power."
CPU,Intel - Core i7-11700K 11th Generation - 8 Core - 16 Thread - 3.6  to 5.0 GHz - LGA1200 - Unlocked Desktop Processor,BX8070811700K ,6452221 ,276.99,419.99,143,In stock,https://pisces.bbystatic.com/image2/BestBuy_US/images/products/6452/6452221_sd.jpg,https://www.bestbuy.com/site/intel-core-i7-11700k-11th-generation-8-core-16-thread-3-6-to-5-0-ghz-lga1200-unlocked-desktop-processor/6452221.p?skuId=6452221,"11th Gen Intel® Core™ i7-11700K unlocked desktop processor. Featuring Intel® Turbo Boost Max Technology 3.0 and PCIe Gen 4.0 support, unlocked 11th Gen Intel® Core™ desktop processors are optimized for enthusiast gamers and serious creators and help deliver high performance overclocking for an added boost. Thermal solution NOT included in the box. Compatible with 500 series & select 400 series chipset based motherboards. Refer to motherboard vendor for compatiblity details. 125W."
CPU,AMD - Ryzen 9 7950X 16-core - 32-Thread 4.5GHz (5.7 GHz Max Boost) Socket AM5 Desktop Processor - Silver,100-100000514WOF ,6519470 ,599.99,699.99,100,In stock,https://pisces.bbystatic.com/image2/BestBuy_US/images/products/6519/6519470cv11d.jpg,https://www.bestbuy.com/site/amd-ryzen-9-7950x-16-core-32-thread-4-5ghz-5-7-ghz-max-boost-socket-am5-desktop-processor-silver/6519470.p?skuId=6519470,"When you want the best for gaming and creating, the 16-core powerhouse processor that can do it all with the highest single-core and multi-core performance from AMD for the most demanding gamers and creators."
CPU,"Intel - Core i5-13600K 13th Gen 14 cores 6 P-cores + 8 E-cores 24M Cache, 3.5 to 5.1 GHz LGA1700 Unlocked Desktop Processor",BX8071513600K ,6521196 ,309.99,339.99,30,In stock,https://pisces.bbystatic.com/image2/BestBuy_US/images/products/6521/6521196_sd.jpg,https://www.bestbuy.com/site/intel-core-i5-13600k-13th-gen-14-cores-6-p-cores-8-e-cores-24m-cache-3-5-to-5-1-ghz-lga1700-unlocked-desktop-processor/6521196.p?skuId=6521196,"13th Gen Intel Core i5-13600K desktop processor. Featuring PCIe 5.0 and 4.0 support, DDR5 and DDR4 support, unlocked 13th Gen Intel Core i5 desktop processors are optimized for gamers and productivity and help deliver high performance. Compatible with Intel 700 Series and Intel 600 Series Chipset based motherboards. 125W Processor Base Power."
CPU,Intel - Core i7-11700 11th Generation - 8 Core - 16 Thread - 2.5 to 4.9 GHz - LGA1200 - Locked Desktop Processor,BX8070811700 ,6452219 ,194.99,324.99,130,In stock,https://pisces.bbystatic.com/image2/BestBuy_US/images/products/6452/6452219_sd.jpg,https://www.bestbuy.com/site/intel-core-i7-11700-11th-generation-8-core-16-thread-2-5-to-4-9-ghz-lga1200-locked-desktop-processor/6452219.p?skuId=6452219,11th Gen Intel® Core™ i7-11700 desktop processor. Featuring Intel® Turbo Boost Max Technology 3.0 and PCIe Gen 4.0 support. Built for the everyday desktop user; this processor delivers amazing performance for everything from enthusiast gaming and creation to productivity Thermal solution included in the box. Compatible with 500 series & select 400 series chipset based motherboards. Refer to motherboard vendor for compatiblity details. 65W.
CPU,Intel - Core i5-10400 10th Generation 6-Core - 12-Thread - 2.9 GHz (4.3 GHz Turbo) Socket LGA1200 Locked Desktop Processor,BX8070110400 ,6411498 ,132.99,164.99,32,In stock,https://pisces.bbystatic.com/image2/BestBuy_US/images/products/6411/6411498_sd.jpg,https://www.bestbuy.com/site/intel-core-i5-10400-10th-generation-6-core-12-thread-2-9-ghz-4-3-ghz-turbo-socket-lga1200-locked-desktop-processor/6411498.p?skuId=6411498,"Enhance the performance of your desktop computer with this Intel Core i5-10400 six-core processor. The 2.9GHz base speed provides fast clocking, while the 12MB cache queues instructions quickly, increasing overall task execution. This Intel Core i5-10400 six-core processor features Intel Thermal Velocity Boost technology, which helps keep components at ideal operating temperatures."
CPU,Intel - Core i5-12600K Desktop Processor 10 (6P+4E) Cores up to 4.9 GHz Unlocked  LGA1700 600 Series Chipset 125W,BX8071512600K ,6483676 ,214.99,299.99,85,In stock,https://pisces.bbystatic.com/image2/BestBuy_US/images/products/6483/6483676_sd.jpg,https://www.bestbuy.com/site/intel-core-i5-12600k-desktop-processor-10-6p-4e-cores-up-to-4-9-ghz-unlocked-lga1700-600-series-chipset-125w/6483676.p?skuId=6483676,"12th Gen Intel® Core™ i5-12600K unlocked desktop processor. Featuring PCIe Gen 5.0 & 4.0 support, DDR5 & DDR4 support, unlocked 12th Gen Intel® Core™ desktop processors are optimized for productivity, gaming, and overclocking. Thermal solution NOT included in the box. Compatible with 600 series chipset based motherboards 125W."
CPU,AMD - Ryzen 9 7900X 12-core - 24-Thread 4.7 GHz (5.6 GHz Max Boost) Socket AM5 Desktop Processor - Silver,100-100000589WOF ,6519473 ,449.99,549.99,100,In stock,https://pisces.bbystatic.com/image2/BestBuy_US/images/products/6519/6519473cv11d.jpg,https://www.bestbuy.com/site/amd-ryzen-9-7900x-12-core-24-thread-4-7-ghz-5-6-ghz-max-boost-socket-am5-desktop-processor-silver/6519473.p?skuId=6519473,"The insanely powerful gaming and streaming desktop processor, get the competitive edge with the ultimate enthusiast processor for gamers, for creators, for everyone."
CPU,"AMD - Ryzen 9 5950X 4th Gen 16-core, 32-threads Unlocked Desktop Processor Without Cooler",100-100000059WOF ,6438941 ,459,799,340,In stock,https://pisces.bbystatic.com/image2/BestBuy_US/images/products/6438/6438941_sd.jpg,https://www.bestbuy.com/site/amd-ryzen-9-5950x-4th-gen-16-core-32-threads-unlocked-desktop-processor-without-cooler/6438941.p?skuId=6438941,One processor that can game as well as it creates. Get the high-speed gaming performance of the world’s best desktop processor. A fast and easy way to expand and accelerate the storage in a desktop PC with an AMD Ryzen processor.
CPU,"Intel - Core i5-13500 13th Gen 14 cores 6 P-cores + 8 E-cores, 24MB Cache, 2.5 to 4.8 GHz Desktop Processor",BX8071513500 ,6530249 ,209.99,249.99,40,In stock,https://pisces.bbystatic.com/image2/BestBuy_US/images/products/6530/6530249_sd.jpg,https://www.bestbuy.com/site/intel-core-i5-13500-13th-gen-14-cores-6-p-cores-8-e-cores-24mb-cache-2-5-to-4-8-ghz-desktop-processor/6530249.p?skuId=6530249,"13th Gen Intel Core i5-13500 desktop processor. Featuring PCIe 5.0 & 4.0 support, DDR5 and DDR4 support, 13th Gen Intel Core i5 desktop processors are optimized for gamers and productivity and help deliver high performance. Compatible with Intel 700 Series and Intel 600 Series Chipset based motherboards. 65W Processor Base Power"
CPU,"Intel - Core i7-13700 13th Gen 16 cores 8 P-cores + 8 E-cores 30MB Cache, 2.1 to 5.2 GHz Desktop Processor",BX8071513700 ,6530246 ,349.99,409.99,60,In stock,https://pisces.bbystatic.com/image2/BestBuy_US/images/products/6530/6530246_sd.jpg,https://www.bestbuy.com/site/intel-core-i7-13700-13th-gen-16-cores-8-p-cores-8-e-cores-30mb-cache-2-1-to-5-2-ghz-desktop-processor/6530246.p?skuId=6530246,"13th Gen Intel Core i7-13700 desktop processor. Featuring Intel Turbo Boost Max Technology 3.0, and PCIe 5.0 & 4.0 support, DDR5 and DDR4 support, 13th Gen Intel Core i7 desktop processors are optimized for gamers and productivity and help deliver high performance. Compatible with Intel 700 Series and Intel 600 Series Chipset based motherboards. 65W Processor Base Power."
CPU,AMD - Ryzen 7 5700G 8-Core - 16-Thread - (4.6 GHz Max Boost) Unlocked Desktop Processor,100-100000263BOX ,6474406 ,199,359,160,In stock,https://pisces.bbystatic.com/image2/BestBuy_US/images/products/6474/6474406_sd.jpg,https://www.bestbuy.com/site/amd-ryzen-7-5700g-8-core-16-thread-4-6-ghz-max-boost-unlocked-desktop-processor/6474406.p?skuId=6474406,"AMD Ryzen 7 5700G Desktop Processor (8-core/16-thread, 20MB cache, up to 4.6 GHz max boost) with Radeon Graphics"
CPU,AMD - Ryzen 5 5500 3.6 GHz Six-Core AM4 Processor - Black,100-100000457BOX ,6510779 ,99,159,60,In stock,https://pisces.bbystatic.com/image2/BestBuy_US/images/products/6510/6510779_sd.jpg,https://www.bestbuy.com/site/amd-ryzen-5-5500-3-6-ghz-six-core-am4-processor-black/6510779.p?skuId=6510779,"Designed for socket AM4 motherboards using the powerful Zen 3 architecture, the 7nm 5th generation Ryzen processor offers significantly improved performance compared to its predecessor. With a base clock speed of 3.6 GHz and a max boost clock speed of 4.2 GHz in addition to 16MB of L3 Cache, the Ryzen 5 5500 is built to deliver the power needed to smoothly handle tasks ranging from content creation to immersive gaming experiences. You can boost performance further by overclocking this unlocked processor. Other features include support for PCIe Gen 3 technology and 3200 MHz DDR4 RAM with compatible motherboards. This processor has a 65W TDP (Thermal Design Power) and includes a Wraith Stealth cooling solution. Please note that it does not have an integrated GPU, so a dedicated graphics card is required."
CPU,AMD - Ryzen 5 5600G 6-Core - 12-Thread - (4.4 GHz Max Boost) Unlocked Desktop Processor,100-100000252BOX ,6474407 ,139,259,120,In stock,https://pisces.bbystatic.com/image2/BestBuy_US/images/products/6474/6474407_sd.jpg,https://www.bestbuy.com/site/amd-ryzen-5-5600g-6-core-12-thread-4-4-ghz-max-boost-unlocked-desktop-processor/6474407.p?skuId=6474407,"AMD Ryzen 5 5600G Desktop Processor (6-core/12-thread, 19MB cache, up to 4.4 GHz max boost) with Radeon Graphics"
CPU,"Intel - Core i3-13100F 13th Gen 4-Core 12MB Cache, 3.4 to 4.5 GHz Desktop Processor",BX8071513100F ,6530253 ,64.99,124.99,60,Out of stock,https://pisces.bbystatic.com/image2/BestBuy_US/images/products/6530/6530253_sd.jpg,https://www.bestbuy.com/site/intel-core-i3-13100f-13th-gen-4-core-12mb-cache-3-4-to-4-5-ghz-desktop-processor/6530253.p?skuId=6530253,"13th Gen Intel Core i3-13100F desktop processors, without processor graphics. Featuring PCIe 5.0 & 4.0 support, DDR5 and DDR4 support, 13th Gen Intel Core i3 desktop processors are optimized for productivity. Discrete graphics required. Compatible with Intel 700 Series and Intel 600 Series Chipset based motherboards. 58W Processor Base Power."
CPU,"Intel - Core i9-13900 13th Gen 24 core 8 P-cores + 16 E-cores 36MB Cache, 2.0 to 5.6GHz Desktop Processor",BX8071513900 ,6530244 ,499.99,599.99,100,In stock,https://pisces.bbystatic.com/image2/BestBuy_US/images/products/6530/6530244_sd.jpg,https://www.bestbuy.com/site/intel-core-i9-13900-13th-gen-24-core-8-p-cores-16-e-cores-36mb-cache-2-0-to-5-6ghz-desktop-processor/6530244.p?skuId=6530244,"13th Gen Intel Core i9-13900 desktop processor. Featuring Intel Adaptive Boost Technology, Intel Thermal Velocity Boost, Intel Turbo Boost Max Technology 3.0, and PCIe 5.0 & 4.0 support, DDR5 and DDR4 support, 13th Gen Intel Core i9 desktop processors are optimized for enthusiast gamers and serious creators and help deliver high performance. Compatible with Intel 700 Series and Intel 600 Series Chipset based motherboards. 65W Processor Base Power"
CPU,AMD - Ryzen 7 7700X 8-core - 16-Thread 4.5GHz (5.4 GHz Max Boost) Socket AM5 Desktop Processor - Silver,100-100000591WOF ,6519477 ,349.99,399.99,50,In stock,https://pisces.bbystatic.com/image2/BestBuy_US/images/products/6519/6519477cv11d.jpg,https://www.bestbuy.com/site/amd-ryzen-7-7700x-8-core-16-thread-4-5ghz-5-4-ghz-max-boost-socket-am5-desktop-processor-silver/6519477.p?skuId=6519477,"The dominant 8-core gaming desktop processor, whatever the setting, whatever the resolution, lead your team to victory with the top 8-core AMD gaming processor."
CPU,Intel - Core i5-12400F 12th Generation - 6 Core - 12 Thread - 2.5 to 4.4 GHz - LGA1700 - Desktop Processor,BX8071512400F ,6492588 ,150.99,179.99,29,In stock,https://pisces.bbystatic.com/image2/BestBuy_US/images/products/6492/6492588_sd.jpg,https://www.bestbuy.com/site/intel-core-i5-12400f-12th-generation-6-core-12-thread-2-5-to-4-4-ghz-lga1700-desktop-processor/6492588.p?skuId=6492588,"12th Gen Intel Core i5-12400F desktop processor, without processor graphics. Featuring PCIe 5.0 & 4.0 support, DDR5 and DDR4 support, 12th Gen Intel Core i5 desktop processors are optimized for enthusiast gamers and productivity and help deliver high performance. Discrete graphics required. Intel Laminar RM1 included in the box. Compatible with Intel 600 Series Chipset based motherboards. 65W Processor Base Power."
CPU,"Intel - Core i3-13100 13th Gen 4-Core 12MB Cache, 3.4 to 4.5 GHz Desktop Processor",BX8071513100 ,6530252 ,139.99,149.99,10,In stock,https://pisces.bbystatic.com/image2/BestBuy_US/images/products/6530/6530252_sd.jpg,https://www.bestbuy.com/site/intel-core-i3-13100-13th-gen-4-core-12mb-cache-3-4-to-4-5-ghz-desktop-processor/6530252.p?skuId=6530252,"13th Gen Intel Core i3-13100 desktop processors. Featuring PCIe 5.0 & 4.0 support, DDR5 and DDR4 support, 13th Gen Intel Core i3 desktop processors are optimized for productivity. Compatible with Intel 700 Series and Intel 600 Series Chipset based motherboards. 60W Processor Base Power"
CPU,AMD - Ryzen 5 4600G Processor - Black,100-100000147BOX ,6510769 ,84.99,154,69.01,In stock,https://pisces.bbystatic.com/image2/BestBuy_US/images/products/6510/6510769_sd.jpg,https://www.bestbuy.com/site/amd-ryzen-5-4600g-processor-black/6510769.p?skuId=6510769,"Wraith Stealth Cooler, check. Get it all with an AMD Ryzen 5 4600G desktop processor. AMD Ryzen 5 4600G desktop processors are drop-in ready on select AMD 300 Series motherboards with a simple BIOS update. Check with your board manufacturer for details."
CPU,AMD - Ryzen 7 7700 8-core - 16-Thread 3.8 GHz (5.3 GHz Max Boost) Socket AM5 Unlocked Desktop Processor - Silver,100-100000592BOX ,6530447 ,329,,,In stock,https://pisces.bbystatic.com/image2/BestBuy_US/images/products/6530/6530447_sd.jpg,https://www.bestbuy.com/site/amd-ryzen-7-7700-8-core-16-thread-3-8-ghz-5-3-ghz-max-boost-socket-am5-unlocked-desktop-processor-silver/6530447.p?skuId=6530447,"Leading your team to victory shouldn’t cost a fortune.  This processor brings exceptional value, overclocking, and an included AMD Wraith Prism cooler with RGB LED lighting."
CPU,Intel - Core i7-10700K 10th Generation 8-Core - 16-Thread - 3.8 GHz (5.1 GHz Turbo) Socket LGA1200 Unlocked Desktop Processor,BX8070110700K ,6411488 ,269.99,349.99,80,In stock,https://pisces.bbystatic.com/image2/BestBuy_US/images/products/6411/6411488_sd.jpg,https://www.bestbuy.com/site/intel-core-i7-10700k-10th-generation-8-core-16-thread-3-8-ghz-5-1-ghz-turbo-socket-lga1200-unlocked-desktop-processor/6411488.p?skuId=6411488,"Build a powerful PC with this 10th Gen Intel Core i7 desktop processor. The eight cores and Hyper-Threading technology support advanced multitasking, while the base clock speeds of up to 3.1GHz deliver speedy responses. This unlocked Intel Core i7 desktop processor features Intel Turbo Boost Max to handle complex content creation tools."
CPU,AMD - Ryzen 5 7600 6-core - 12-Thread 4.0 GHz (5.2 GHz Max Boost) Socket AM5 Unlocked Desktop Processor - Silver,100-100001015BOX ,6530445 ,229,,,In stock,https://pisces.bbystatic.com/image2/BestBuy_US/images/products/6530/6530445_sd.jpg,https://www.bestbuy.com/site/amd-ryzen-5-7600-6-core-12-thread-4-0-ghz-5-2-ghz-max-boost-socket-am5-unlocked-desktop-processor-silver/6530445.p?skuId=6530445,This overclockable processor is built for intense gaming with an included AMD Wraith Stealth cooler.
CPU,"Intel - Core i5-13600KF 13th Gen 14 cores 6 P-cores + 8 E-cores 24M Cache, 3.5p to 5.1 GHz LGA1700 Unlocked Desktop Processor",BX8071513600KF ,6521198 ,291.99,309.99,18,In stock,https://pisces.bbystatic.com/image2/BestBuy_US/images/products/6521/6521198_sd.jpg,https://www.bestbuy.com/site/intel-core-i5-13600kf-13th-gen-14-cores-6-p-cores-8-e-cores-24m-cache-3-5p-to-5-1-ghz-lga1700-unlocked-desktop-processor/6521198.p?skuId=6521198,"13th Gen Intel Core i5-13600KF desktop processor, without processor graphics. Featuring PCIe 5.0 and 4.0 support, DDR5 and DDR4 support, unlocked 13th Gen Intel Core i5 desktop processors are optimized for gamers and productivity and help deliver high performance. Discrete graphics required. Thermal solution NOT included in the box. Compatible with Intel 700 Series and Intel 600 Series Chipset based motherboards. 125W Processor Base Power."
CPU,"Intel - Core i7-13700KF 13th Gen 6 cores 8 P-cores + 8 E-cores 30M Cache, 3.4 to 5.4 GHz LGA1700 Unlocked Desktop Processor",BX8071513700KF ,6521195 ,390.99,459.99,69,In stock,https://pisces.bbystatic.com/image2/BestBuy_US/images/products/6521/6521195_sd.jpg,https://www.bestbuy.com/site/intel-core-i7-13700kf-13th-gen-6-cores-8-p-cores-8-e-cores-30m-cache-3-4-to-5-4-ghz-lga1700-unlocked-desktop-processor/6521195.p?skuId=6521195,"13th Gen Intel Core i7-13700KF desktop processor, without processor graphics. Featuring Intel Turbo Boost Max Technology 3.0, and PCIe 5.0 and 4.0 support, DDR5 and DDR4 support, unlocked 13th Gen Intel Core i7 desktop processors are optimized for gamers and productivity and help deliver high performance. Discrete graphics required. Thermal solution NOT included in the box. Compatible with Intel 700 Series and Intel 600 Series Chipset based motherboards. 125W Processor Base Power."
CPU,"Intel - Core i9-13900KF 13th Gen 24 cores 8 P-cores + 16 E-cores 36M Cache, 3 to 5.8 GHz LGA1700 Unlocked Desktop Processor",BX8071513900KF ,6521192 ,540.99,659.99,119,In stock,https://pisces.bbystatic.com/image2/BestBuy_US/images/products/6521/6521192_sd.jpg,https://www.bestbuy.com/site/intel-core-i9-13900kf-13th-gen-24-cores-8-p-cores-16-e-cores-36m-cache-3-to-5-8-ghz-lga1700-unlocked-desktop-processor/6521192.p?skuId=6521192,"13th Gen Intel Core i9-13900KF desktop processor, without processor graphics. Featuring Intel Adaptive Boost Technology, Intel Thermal Velocity Boost, Intel Turbo Boost Max Technology 3.0, and PCIe 5.0 and 4.0 support, DDR5 and DDR4 support, unlocked 13th Gen Intel Core i9 desktop processors are optimized for enthusiast gamers and serious creators and help deliver high performance. Discrete graphics required. Thermal solution NOT included in the box. Compatible with Intel 700 Series and Intel 600 Series Chipset based motherboards. 125W Processor Base Power."
CPU,AMD - Ryzen 5 4500 3.6 GHz Six-Core AM4 Processor - Black,100-100000644BOX ,6510771 ,79,129,50,In stock,https://pisces.bbystatic.com/image2/BestBuy_US/images/products/6510/6510771_sd.jpg,https://www.bestbuy.com/site/amd-ryzen-5-4500-3-6-ghz-six-core-am4-processor-black/6510771.p?skuId=6510771,"Designed for socket AM4 motherboards and featuring the 7nm Zen 2 architecture, this 4th generation processor is designed to provide fast, power efficient performance. With a base clock speed of 3.6 GHz and a max boost clock speed of 4.1 GHz in addition to 8MB of L3 Cache, the Ryzen 5 4500 is built to deliver the power needed to smoothly handle tasks ranging from content creation to immersive gaming experiences. You can boost performance further by overclocking this unlocked processor. Other features include support for PCIe Gen 3 technology and 3200 MHz DDR4 RAM. This processor has a 65W TDP (Thermal Design Power) and includes a Wraith Stealth cooling solution. Please note that it does not have an integrated GPU, so a dedicated graphics card is required."
CPU,"Intel - Core i5-13400F 13th Gen 10 core 6 P-cores + 4 E-cores, 20MB Cache, 2.5 to 4.6 GHz Desktop Processor",BX8071513400F ,6530251 ,208.99,214.99,6,Out of stock,https://pisces.bbystatic.com/image2/BestBuy_US/images/products/6530/6530251_sd.jpg,https://www.bestbuy.com/site/intel-core-i5-13400f-13th-gen-10-core-6-p-cores-4-e-cores-20mb-cache-2-5-to-4-6-ghz-desktop-processor/6530251.p?skuId=6530251,"13th Gen Intel Core i5-13400F desktop processor, without processor graphics. Featuring PCIe 5.0 & 4.0 support, DDR5 and DDR4 support, 13th Gen Intel Core i5 desktop processors are optimized for gamers and productivity and help deliver high performance. Discrete graphics required. Compatible with Intel 700 Series and Intel 600 Series Chipset based motherboards. 65W Processor Base Power"
CPU,Intel - Core i7-12700KF Desktop Processor 12 (8P+4E) Cores up to 5.0 GHz Unlocked  LGA1700 600 Series Chipset 125W,BX8071512700KF ,6483674 ,278.99,409.99,131,In stock,https://pisces.bbystatic.com/image2/BestBuy_US/images/products/6483/6483674_sd.jpg,https://www.bestbuy.com/site/intel-core-i7-12700kf-desktop-processor-12-8p-4e-cores-up-to-5-0-ghz-unlocked-lga1700-600-series-chipset-125w/6483674.p?skuId=6483674,"12th Gen Intel® Core™ i7-12700KF unlocked desktop processor, without processor graphics. Featuring Intel® Turbo Boost Max Technology 3.0 and PCIe Gen 5.0 & 4.0 support, DDR5 & DDR4 support, unlocked 12th Gen Intel® Core™ desktop processors are optimized for enthusiast gamers and serious creators and help deliver high performance overclocking for an added boost. Discrete graphics required. Thermal solution NOT included in the box. Compatible with 600 series chipset based motherboards 125W."
CPU,"Intel - Core i7-13700F 13th Gen 16 cores 8 P-cores + 8 E-cores 30MB Cache, 2.1 to 5.2 GHz Desktop Processor",BX8071513700F ,6530248 ,360.99,379.99,19,In stock,https://pisces.bbystatic.com/image2/BestBuy_US/images/products/6530/6530248_sd.jpg,https://www.bestbuy.com/site/intel-core-i7-13700f-13th-gen-16-cores-8-p-cores-8-e-cores-30mb-cache-2-1-to-5-2-ghz-desktop-processor/6530248.p?skuId=6530248,"13th Gen Intel Core i7-13700F desktop processor, without processor graphics. Featuring Intel Turbo Boost Max Technology 3.0, and PCIe 5.0 & 4.0 support, DDR5 and DDR4 support, 13th Gen Intel Core i7 desktop processors are optimized for gamers and productivity and help deliver high performance. Discrete graphics required. Compatible with Intel 700 Series and Intel 600 Series Chipset based motherboards. 65W Processor Base Power"
CPU,AMD - Ryzen 9 7900X3D 12-Core - 24-Thread 4.4 GHz (5.6 GHz Max Boost) Socket AM5 Unlocked Desktop Processor - Black,100-100000909WOF ,6537140 ,549,599,50,In stock,https://pisces.bbystatic.com/image2/BestBuy_US/images/products/6537/6537140_sd.jpg,https://www.bestbuy.com/site/amd-ryzen-9-7900x3d-12-core-24-thread-4-4-ghz-5-6-ghz-max-boost-socket-am5-unlocked-desktop-processor-black/6537140.p?skuId=6537140,"AMD Ryzen 9 7900X3D The insanely powerful gaming and streaming desktop processor, with AMD 3D V-Cache technology for even more gaming performance.  With this enthusiast processor you can enjoy extreme performance for gaming, creating, streaming, or whatever creative workload you choose.  Plus, enjoy the benefits of next-gen AMD 3D V-Cache technology for lower latency and even more game performance."
CPU,AMD - Ryzen 9 7900 12-core - 24-Thread 4.0 GHz (5.4 GHz Max Boost) Socket AM5 Unlocked Desktop Processor - Silver,100-100000590BOX ,6530446 ,429,,,In stock,https://pisces.bbystatic.com/image2/BestBuy_US/images/products/6530/6530446_sd.jpg,https://www.bestbuy.com/site/amd-ryzen-9-7900-12-core-24-thread-4-0-ghz-5-4-ghz-max-boost-socket-am5-unlocked-desktop-processor-silver/6530446.p?skuId=6530446,"Enjoy serious speed and ultimate power efficiency for gaming and creating.  This processor comes fully unlocked, overclockable, and will remain cool and quiet with an included AMD Wraith Prism cooler with RBG LED lighting."
CPU,Intel - Pentium Gold G7400 12th Generation - 2 Core - 4 Thread - 3.7 GHz - LGA1700 - Desktop Processor,BX80715G7400 ,6492596 ,89.99,,,In stock,https://pisces.bbystatic.com/image2/BestBuy_US/images/products/6492/6492596_sd.jpg,https://www.bestbuy.com/site/intel-pentium-gold-g7400-12th-generation-2-core-4-thread-3-7-ghz-lga1700-desktop-processor/6492596.p?skuId=6492596,"12th Gen Intel Pentium Gold G7400 desktop processor. Featuring PCIe 5.0 & 4.0 support, DDR5 and DDR4 support, 12th Gen Intel Pentium Gold desktop processors are optimized for productivity. Intel Laminar RS1 included in the box. Compatible with Intel 600 Series Chipset based motherboards. 46W Processor Base Power."
CPU,AMD - Ryzen 5 5600 3.5 GHz Six-Core AM4 Processor - Black,100-100000927BOX ,6510772 ,149,199,50,In stock,https://pisces.bbystatic.com/image2/BestBuy_US/images/products/6510/6510772_sd.jpg,https://www.bestbuy.com/site/amd-ryzen-5-5600-3-5-ghz-six-core-am4-processor-black/6510772.p?skuId=6510772,"Designed for socket AM4 motherboards using the powerful Zen 3 architecture, the 7nm 5th generation Ryzen processor offers significantly improved performance compared to its predecessor. With a base clock speed of 3.5 GHz and a max boost clock speed of 4.4 GHz in addition to 32MB of L3 Cache, the Ryzen 5 5600 is built to deliver the power needed to smoothly handle tasks ranging from content creation to immersive gaming experiences. You can boost performance further by overclocking this unlocked processor. Other features include support for PCIe Gen 4 technology and 3200 MHz DDR4 RAM with compatible motherboards. This processor has a 65W TDP (Thermal Design Power) and includes a Wraith Stealth cooling solution. Please note that it does not have an integrated GPU, so a dedicated graphics card is required."
CPU,Intel - Core i9-10900K 10th Generation 10-core - 20-Thread - 3.7 GHz (5.3 GHz Turbo) Socket LGA1200 Unlocked Desktop Processor,BX8070110900K ,6411492 ,329.99,519.99,190,Out of stock,https://pisces.bbystatic.com/image2/BestBuy_US/images/products/6411/6411492_sd.jpg,https://www.bestbuy.com/site/intel-core-i9-10900k-10th-generation-10-core-20-thread-3-7-ghz-5-3-ghz-turbo-socket-lga1200-unlocked-desktop-processor/6411492.p?skuId=6411492,"Boost the performance of your desktop computer with this Intel Core i9-10900K processor. The 3.7GHz base speed provides rapid clocking, while 20MB of L3 cache queues commands quickly for swift task execution. This Intel Core i9-10900K processor has 10 cores with 20 threads for seamless multitasking, and AES support allows easy encryption and decryption."
CPU,Intel - Core i5-11400 11th Generation - 6 Core - 12 Thread - 2.6 to 4.4 GHz - LGA1200 - Locked Desktop Processor,BX8070811400 ,6452218 ,139.99,189.99,50,In stock,https://pisces.bbystatic.com/image2/BestBuy_US/images/products/6452/6452218_sd.jpg,https://www.bestbuy.com/site/intel-core-i5-11400-11th-generation-6-core-12-thread-2-6-to-4-4-ghz-lga1200-locked-desktop-processor/6452218.p?skuId=6452218,"11th Gen Intel® Core™ i5-11400 desktop processor optimized for gaming, creating, and productivity. Featuring PCIe Gen 4.0 support. Thermal solution included in the box. Compatible with 500 series & select 400 series chipset based motherboards. Refer to motherboard vendor for compatiblity details. 65W."
CPU,Intel - Core i9-12900KS 12th Generation 16-core 24-thread (2.5GHz-5.5GHz Turbo) Socket LGA1700 Unlocked Desktop Processor,BX8071512900KS ,6501867 ,420.99,779.99,359,In stock,https://pisces.bbystatic.com/image2/BestBuy_US/images/products/6501/6501867_sd.jpg,https://www.bestbuy.com/site/intel-core-i9-12900ks-12th-generation-16-core-24-thread-2-5ghz-5-5ghz-turbo-socket-lga1700-unlocked-desktop-processor/6501867.p?skuId=6501867,"12th Gen Intel Core i9-12900KS desktop processor. Featuring Intel Thermal Velocity Boost, Intel Adaptive Boost Technology, PCIe Gen 5.0 & 4.0 support and DDR5 and DDR4 support. 12th Gen Intel Core i9 desktop processors are optimized for enthusiast gamers and serious creators and deliver high performance. Compatible with 600 series chipset based motherboards, 150W Processor Base Power."
CPU,Intel - Core i5-11600K 11th Generation - 6 Core - 12 Thread - 3.9 to 4.9 GHz - LGA1200 - Unlocked Desktop Processor,BX8070811600K ,6452220 ,214.99,264.99,50,In stock,https://pisces.bbystatic.com/image2/BestBuy_US/images/products/6452/6452220_sd.jpg,https://www.bestbuy.com/site/intel-core-i5-11600k-11th-generation-6-core-12-thread-3-9-to-4-9-ghz-lga1200-unlocked-desktop-processor/6452220.p?skuId=6452220,"11th Gen Intel® Core™ i5-11600K unlocked desktop processor. Featuring  PCIe Gen 4.0 support, unlocked 11th Gen Intel® Core™ desktop processors are optimized for productivity, gaming, and overclocking. Thermal solution NOT included in the box. Compatible with 500 series & select 400 series chipset based motherboards. Refer to motherboard vendor for compatiblity details. 125W."
CPU,AMD - Ryzen 7 5700X W/O Fan - Black,100-100000926WOF ,6510770 ,209,299,90,In stock,https://pisces.bbystatic.com/image2/BestBuy_US/images/products/6510/6510770_sd.jpg,https://www.bestbuy.com/site/amd-ryzen-7-5700x-w-o-fan-black/6510770.p?skuId=6510770,"With a base clock speed of 3.4 GHz and a max boost clock speed of 4.6 GHz in addition to 32MB of L3 Cache, the Ryzen 7 5700X is built to provide the power needed to smoothly handle tasks ranging from content creation to immersive gaming experiences. You can boost its performance further by overclocking this unlocked processor. Other features include support for PCIe Gen 4 technology and 3200 MHz DDR4 RAM with compatible motherboards. This processor has a 65W TDP (Thermal Design Power) and does not include a cooling solution. Please note that it does not have an integrated GPU, so a dedicated graphics card is required."
CPU,Intel - Core i7-12700F 12th Generation - 12 Core - 20 Thread - 2.1 to 4.9 GHz - LGA1700 - Desktop Processor,BX8071512700F ,6492586 ,329.99,,,In stock,https://pisces.bbystatic.com/image2/BestBuy_US/images/products/6492/6492586_sd.jpg,https://www.bestbuy.com/site/intel-core-i7-12700f-12th-generation-12-core-20-thread-2-1-to-4-9-ghz-lga1700-desktop-processor/6492586.p?skuId=6492586,"12th Gen Intel Core i7-12700F desktop processor, without processor graphics. Featuring Intel Turbo Boost Max Technology 3.0 and PCIe 5.0 & 4.0 support, DDR5 and DDR4 support, 12th Gen Intel Core i7 desktop processors are optimized for gamers and productivity and help deliver high performance. Discrete graphics required. Intel Laminar RM1 included in the box. Compatible with Intel 600 Series Chipset based motherboards. 65W Processor Base Power."
CPU,"Intel - Core i5-13400 13th Gen 10 core 6 P-cores + 4 E-cores, 20MB Cache, 2.5 to 4.6 GHz Desktop Processor",BX8071513400 ,6530250 ,228.99,239.99,11,In stock,https://pisces.bbystatic.com/image2/BestBuy_US/images/products/6530/6530250_sd.jpg,https://www.bestbuy.com/site/intel-core-i5-13400-13th-gen-10-core-6-p-cores-4-e-cores-20mb-cache-2-5-to-4-6-ghz-desktop-processor/6530250.p?skuId=6530250,"13th Gen Intel Core i5-13400 desktop processor. Featuring PCIe 5.0 & 4.0 support, DDR5 and DDR4 support, 13th Gen Intel Core i5 desktop processors are optimized for gamers and productivity and help deliver high performance. Compatible with Intel 700 Series and Intel 600 Series Chipset based motherboards. 65W Processor Base Power"
CPU,AMD - Ryzen 9 7950X3D 16-Core - 32-Thread 4.2 GHz (5.7 GHz Max Boost) Socket AM5 Unlocked Desktop Processor - Black,100-100000908WOF ,6537138 ,699,,,In stock,https://pisces.bbystatic.com/image2/BestBuy_US/images/products/6537/6537138_sd.jpg,https://www.bestbuy.com/site/amd-ryzen-9-7950x3d-16-core-32-thread-4-2-ghz-5-7-ghz-max-boost-socket-am5-unlocked-desktop-processor-black/6537138.p?skuId=6537138,"AMD Ryzen 9 7950X3D The ultimate processor for gaming, with AMD 3D V-Cache technology for even more game performance.  The 16-core processor that can do it all with the highest single-core and multi-core performance from AMD for the most demanding gamers and creators.  Plus, enjoy the benefits of next-gen AMD 3D V-Cache technology for lower latency and even more game performance."
CPU,Intel - Core i5-12400 12th Generation - 6 Core - 12 Thread - 2.5 to 4.4 GHz - LGA1700 - Desktop Processor,BX8071512400 ,6492599 ,172.99,209.99,37,In stock,https://pisces.bbystatic.com/image2/BestBuy_US/images/products/6492/6492599_sd.jpg,https://www.bestbuy.com/site/intel-core-i5-12400-12th-generation-6-core-12-thread-2-5-to-4-4-ghz-lga1700-desktop-processor/6492599.p?skuId=6492599,"12th Gen Intel Core i5-12400 desktop processor. Featuring PCIe 5.0 & 4.0 support, DDR5 and DDR4 support, 12th Gen Intel Core i5 desktop processors are optimized for  gamers and productivity and help deliver high performance.  Intel Laminar RM1 included in the box. Compatible with Intel 600 Series Chipset based motherboards. 65W Processor Base Power."
CPU,Intel - Core i9-11900 11th Generation - 8 Core - 16 Thread - 2.5 to 5.2 GHz - LGA1200 - Locked Desktop Processor,BX8070811900 ,6452217 ,449.99,,,In stock,https://pisces.bbystatic.com/image2/BestBuy_US/images/products/6452/6452217_sd.jpg,https://www.bestbuy.com/site/intel-core-i9-11900-11th-generation-8-core-16-thread-2-5-to-5-2-ghz-lga1200-locked-desktop-processor/6452217.p?skuId=6452217,11th Gen Intel® Core™ i9-11900 desktop processor. Featuring Intel® Turbo Boost Max Technology 3.0 and PCIe Gen 4.0 support. Built for the everyday desktop user; this processor delivers amazing performance for everything from enthusiast gaming and creation to productivity Thermal solution included in the box. Compatible with 500 series & select 400 series chipset based motherboards. Refer to motherboard vendor for compatiblity details. 65W.
CPU,"Intel - Core i9-13900F 13th Gen 24 core 8 P-cores + 16 E-cores 36MB Cache, 2.0 to 5.6 GHz Desktop Processor",BX8071513900F ,6530245 ,524.99,569.99,45,In stock,https://pisces.bbystatic.com/image2/BestBuy_US/images/products/6530/6530245_sd.jpg,https://www.bestbuy.com/site/intel-core-i9-13900f-13th-gen-24-core-8-p-cores-16-e-cores-36mb-cache-2-0-to-5-6-ghz-desktop-processor/6530245.p?skuId=6530245,"13th Gen Intel Core i9-13900F desktop processor, without processor graphics. Featuring Intel Adaptive Boost Technology, Intel Thermal Velocity Boost, Intel Turbo Boost Max Technology 3.0, and PCIe 5.0 & 4.0 support, DDR5 and DDR4 support, 13th Gen Intel Core i9 desktop processors are optimized for enthusiast gamers and serious creators and help deliver high performance. Discrete graphics required. Compatible with Intel 700 Series and Intel 600 Series Chipset based motherboards. 65W Processor Base Power"
